"from","href","cause"
"docs\campaign\identity-fabric\index.html","/empowernow_info/demo/","top-level-missing"
"docs\campaign\identity-fabric\index.html","/resources/demo/","subpath-missing"
"docs\campaign\identity-fabric\index.html","/empowernow_info/company/","top-level-missing"
"docs\campaign\identity-fabric\index.html","/empowernow_info/contact/","top-level-missing"
"docs\campaign\identity-fabric\index.html","/empowernow_info/demo/","top-level-missing"
"docs\comparisons\alternative\index.html","/empowernow_info/demo/","top-level-missing"
"docs\comparisons\alternative\index.html","/empowernow_info/demo/","top-level-missing"
"docs\comparisons\alternative\index.html","/empowernow_info/deep-dives/","top-level-missing"
"docs\comparisons\alternative\index.html","/empowernow_info/company/","top-level-missing"
"docs\comparisons\alternative\index.html","/empowernow_info/contact/","top-level-missing"
"docs\comparisons\alternative\index.html","/empowernow_info/demo/","top-level-missing"
"docs\comparisons\amazon-bedrock\index.html","/empowernow_info/demo/","top-level-missing"
"docs\comparisons\amazon-bedrock\index.html","/empowernow_info/demo/","top-level-missing"
"docs\comparisons\amazon-bedrock\index.html","/empowernow_info/deep-dives/","top-level-missing"
"docs\comparisons\amazon-bedrock\index.html","/empowernow_info/company/","top-level-missing"
"docs\comparisons\amazon-bedrock\index.html","/empowernow_info/contact/","top-level-missing"
"docs\comparisons\amazon-bedrock\index.html","/empowernow_info/demo/","top-level-missing"
"docs\comparisons\aws-verified-permissions\index.html","/empowernow_info/demo/","top-level-missing"
"docs\comparisons\aws-verified-permissions\index.html","/empowernow_info/demo/","top-level-missing"
"docs\comparisons\aws-verified-permissions\index.html","/empowernow_info/deep-dives/","top-level-missing"
"docs\comparisons\aws-verified-permissions\index.html","/empowernow_info/company/","top-level-missing"
"docs\comparisons\aws-verified-permissions\index.html","/empowernow_info/contact/","top-level-missing"
"docs\comparisons\aws-verified-permissions\index.html","/empowernow_info/demo/","top-level-missing"
"docs\comparisons\cerbos\index.html","/empowernow_info/demo/","top-level-missing"
"docs\comparisons\cerbos\index.html","/empowernow_info/demo/","top-level-missing"
"docs\comparisons\cerbos\index.html","/empowernow_info/deep-dives/","top-level-missing"
"docs\comparisons\cerbos\index.html","/empowernow_info/company/","top-level-missing"
"docs\comparisons\cerbos\index.html","/empowernow_info/contact/","top-level-missing"
"docs\comparisons\cerbos\index.html","/empowernow_info/demo/","top-level-missing"
"docs\comparisons\cloudflare-ai-gateway\index.html","/empowernow_info/demo/","top-level-missing"
"docs\comparisons\cloudflare-ai-gateway\index.html","/empowernow_info/demo/","top-level-missing"
"docs\comparisons\cloudflare-ai-gateway\index.html","/empowernow_info/deep-dives/","top-level-missing"
"docs\comparisons\cloudflare-ai-gateway\index.html","/empowernow_info/company/","top-level-missing"
"docs\comparisons\cloudflare-ai-gateway\index.html","/empowernow_info/contact/","top-level-missing"
"docs\comparisons\cloudflare-ai-gateway\index.html","/empowernow_info/demo/","top-level-missing"
"docs\comparisons\curity-token-handler\index.html","/empowernow_info/demo/","top-level-missing"
"docs\comparisons\curity-token-handler\index.html","/empowernow_info/demo/","top-level-missing"
"docs\comparisons\curity-token-handler\index.html","/empowernow_info/deep-dives/","top-level-missing"
"docs\comparisons\curity-token-handler\index.html","/empowernow_info/company/","top-level-missing"
"docs\comparisons\curity-token-handler\index.html","/empowernow_info/contact/","top-level-missing"
"docs\comparisons\curity-token-handler\index.html","/empowernow_info/demo/","top-level-missing"
"docs\comparisons\helicone\index.html","/empowernow_info/demo/","top-level-missing"
"docs\comparisons\helicone\index.html","/empowernow_info/demo/","top-level-missing"
"docs\comparisons\helicone\index.html","/empowernow_info/deep-dives/","top-level-missing"
"docs\comparisons\helicone\index.html","/empowernow_info/company/","top-level-missing"
"docs\comparisons\helicone\index.html","/empowernow_info/contact/","top-level-missing"
"docs\comparisons\helicone\index.html","/empowernow_info/demo/","top-level-missing"
"docs\comparisons\kong\index.html","/empowernow_info/demo/","top-level-missing"
"docs\comparisons\kong\index.html","/empowernow_info/demo/","top-level-missing"
"docs\comparisons\kong\index.html","/empowernow_info/deep-dives/","top-level-missing"
"docs\comparisons\kong\index.html","/empowernow_info/company/","top-level-missing"
"docs\comparisons\kong\index.html","/empowernow_info/contact/","top-level-missing"
"docs\comparisons\kong\index.html","/empowernow_info/demo/","top-level-missing"
"docs\comparisons\make\index.html","/empowernow_info/demo/","top-level-missing"
"docs\comparisons\make\index.html","/empowernow_info/demo/","top-level-missing"
"docs\comparisons\make\index.html","/empowernow_info/deep-dives/","top-level-missing"
"docs\comparisons\make\index.html","/empowernow_info/company/","top-level-missing"
"docs\comparisons\make\index.html","/empowernow_info/contact/","top-level-missing"
"docs\comparisons\make\index.html","/empowernow_info/demo/","top-level-missing"
"docs\comparisons\n8n\index.html","/empowernow_info/demo/","top-level-missing"
"docs\comparisons\n8n\index.html","/empowernow_info/demo/","top-level-missing"
"docs\comparisons\n8n\index.html","/empowernow_info/deep-dives/","top-level-missing"
"docs\comparisons\n8n\index.html","/empowernow_info/company/","top-level-missing"
"docs\comparisons\n8n\index.html","/empowernow_info/contact/","top-level-missing"
"docs\comparisons\n8n\index.html","/empowernow_info/demo/","top-level-missing"
"docs\comparisons\nginx\index.html","/empowernow_info/demo/","top-level-missing"
"docs\comparisons\nginx\index.html","/empowernow_info/demo/","top-level-missing"
"docs\comparisons\nginx\index.html","/empowernow_info/deep-dives/","top-level-missing"
"docs\comparisons\nginx\index.html","/empowernow_info/company/","top-level-missing"
"docs\comparisons\nginx\index.html","/empowernow_info/contact/","top-level-missing"
"docs\comparisons\nginx\index.html","/empowernow_info/demo/","top-level-missing"
"docs\comparisons\opa\index.html","/empowernow_info/demo/","top-level-missing"
"docs\comparisons\opa\index.html","/empowernow_info/demo/","top-level-missing"
"docs\comparisons\opa\index.html","/empowernow_info/deep-dives/","top-level-missing"
"docs\comparisons\opa\index.html","/empowernow_info/company/","top-level-missing"
"docs\comparisons\opa\index.html","/empowernow_info/contact/","top-level-missing"
"docs\comparisons\opa\index.html","/empowernow_info/demo/","top-level-missing"
"docs\comparisons\portkey\index.html","/empowernow_info/demo/","top-level-missing"
"docs\comparisons\portkey\index.html","/empowernow_info/demo/","top-level-missing"
"docs\comparisons\portkey\index.html","/empowernow_info/deep-dives/","top-level-missing"
"docs\comparisons\portkey\index.html","/empowernow_info/company/","top-level-missing"
"docs\comparisons\portkey\index.html","/empowernow_info/contact/","top-level-missing"
"docs\comparisons\portkey\index.html","/empowernow_info/demo/","top-level-missing"
"docs\comparisons\servicenow-flow-designer\index.html","/empowernow_info/demo/","top-level-missing"
"docs\comparisons\servicenow-flow-designer\index.html","/empowernow_info/demo/","top-level-missing"
"docs\comparisons\servicenow-flow-designer\index.html","/empowernow_info/deep-dives/","top-level-missing"
"docs\comparisons\servicenow-flow-designer\index.html","/empowernow_info/company/","top-level-missing"
"docs\comparisons\servicenow-flow-designer\index.html","/empowernow_info/contact/","top-level-missing"
"docs\comparisons\servicenow-flow-designer\index.html","/empowernow_info/demo/","top-level-missing"
"docs\comparisons\workato\index.html","/empowernow_info/demo/","top-level-missing"
"docs\comparisons\workato\index.html","/empowernow_info/demo/","top-level-missing"
"docs\comparisons\workato\index.html","/empowernow_info/deep-dives/","top-level-missing"
"docs\comparisons\workato\index.html","/empowernow_info/company/","top-level-missing"
"docs\comparisons\workato\index.html","/empowernow_info/contact/","top-level-missing"
"docs\comparisons\workato\index.html","/empowernow_info/demo/","top-level-missing"
"docs\comparisons\zapier\index.html","/empowernow_info/demo/","top-level-missing"
"docs\comparisons\zapier\index.html","/empowernow_info/demo/","top-level-missing"
"docs\comparisons\zapier\index.html","/empowernow_info/deep-dives/","top-level-missing"
"docs\comparisons\zapier\index.html","/empowernow_info/company/","top-level-missing"
"docs\comparisons\zapier\index.html","/empowernow_info/contact/","top-level-missing"
"docs\comparisons\zapier\index.html","/empowernow_info/demo/","top-level-missing"
"docs\index.html","/empowernow_info/demo/","top-level-missing"
"docs\index.html","/empowernow_info/resources/demo/","subpath-missing"
"docs\index.html","/empowernow_info/resources/demo/","subpath-missing"
"docs\index.html","/empowernow_info/demo/","top-level-missing"
"docs\index.html","/empowernow_info/company/","top-level-missing"
"docs\index.html","/empowernow_info/contact/","top-level-missing"
"docs\index.html","/empowernow_info/demo/","top-level-missing"
"docs\industries\enterprise\index.html","/empowernow_info/demo/","top-level-missing"
"docs\industries\enterprise\index.html","/empowernow_info/company/","top-level-missing"
"docs\industries\enterprise\index.html","/empowernow_info/contact/","top-level-missing"
"docs\industries\enterprise\index.html","/empowernow_info/demo/","top-level-missing"
"docs\industries\regulated\index.html","/empowernow_info/demo/","top-level-missing"
"docs\industries\regulated\index.html","/empowernow_info/company/","top-level-missing"
"docs\industries\regulated\index.html","/empowernow_info/contact/","top-level-missing"
"docs\industries\regulated\index.html","/empowernow_info/demo/","top-level-missing"
"docs\industries\saas\index.html","/empowernow_info/demo/","top-level-missing"
"docs\industries\saas\index.html","/empowernow_info/company/","top-level-missing"
"docs\industries\saas\index.html","/empowernow_info/contact/","top-level-missing"
"docs\industries\saas\index.html","/empowernow_info/demo/","top-level-missing"
"docs\pricing\index.html","/empowernow_info/demo/","top-level-missing"
"docs\pricing\index.html","/empowernow_info/company/","top-level-missing"
"docs\pricing\index.html","/empowernow_info/contact/","top-level-missing"
"docs\pricing\index.html","/empowernow_info/demo/","top-level-missing"
"docs\products\aria-shield\index.html","/empowernow_info/demo/","top-level-missing"
"docs\products\aria-shield\index.html","/demo/","top-level-missing"
"docs\products\aria-shield\index.html","/demo/","top-level-missing"
"docs\products\aria-shield\index.html","/demo/","top-level-missing"
"docs\products\aria-shield\index.html","/empowernow_info/demo/","top-level-missing"
"docs\products\aria-shield\index.html","/empowernow_info/contact/","top-level-missing"
"docs\products\aria-shield\index.html","/deep-dives/","top-level-missing"
"docs\products\aria-shield\index.html","/empowernow_info/https://empowerid.github.io/empowernow_docs/docs/services/bff/explanation/overview/","top-level-missing"
"docs\products\aria-shield\index.html","/empowernow_info/https://empowerid.github.io/empowernow_docs/docs/services/pdp/","top-level-missing"
"docs\products\aria-shield\index.html","/empowernow_info/company/","top-level-missing"
"docs\products\aria-shield\index.html","/empowernow_info/contact/","top-level-missing"
"docs\products\aria-shield\index.html","/empowernow_info/demo/","top-level-missing"
"docs\products\crud\index.html","/empowernow_info/demo/","top-level-missing"
"docs\products\crud\index.html","/demo/","top-level-missing"
"docs\products\crud\index.html","/demo/","top-level-missing"
"docs\products\crud\index.html","/empowernow_info/demo/","top-level-missing"
"docs\products\crud\index.html","/empowernow_info/contact/","top-level-missing"
"docs\products\crud\index.html","/empowernow_info/company/","top-level-missing"
"docs\products\crud\index.html","/empowernow_info/contact/","top-level-missing"
"docs\products\crud\index.html","/empowernow_info/demo/","top-level-missing"
"docs\products\data-collector\index.html","/empowernow_info/demo/","top-level-missing"
"docs\products\data-collector\index.html","/demo/","top-level-missing"
"docs\products\data-collector\index.html","/demo/","top-level-missing"
"docs\products\data-collector\index.html","/empowernow_info/demo/","top-level-missing"
"docs\products\data-collector\index.html","/empowernow_info/contact/","top-level-missing"
"docs\products\data-collector\index.html","/empowernow_info/company/","top-level-missing"
"docs\products\data-collector\index.html","/empowernow_info/contact/","top-level-missing"
"docs\products\data-collector\index.html","/empowernow_info/demo/","top-level-missing"
"docs\products\gateway\index.html","/empowernow_info/demo/","top-level-missing"
"docs\products\gateway\index.html","/demo/","top-level-missing"
"docs\products\gateway\index.html","/demo/","top-level-missing"
"docs\products\gateway\index.html","/empowernow_info/demo/","top-level-missing"
"docs\products\gateway\index.html","/empowernow_info/contact/","top-level-missing"
"docs\products\gateway\index.html","/empowernow_info/company/","top-level-missing"
"docs\products\gateway\index.html","/empowernow_info/contact/","top-level-missing"
"docs\products\gateway\index.html","/empowernow_info/demo/","top-level-missing"
"docs\products\idp\index.html","/empowernow_info/demo/","top-level-missing"
"docs\products\idp\index.html","/demo/","top-level-missing"
"docs\products\idp\index.html","/demo/","top-level-missing"
"docs\products\idp\index.html","/empowernow_info/demo/","top-level-missing"
"docs\products\idp\index.html","/empowernow_info/contact/","top-level-missing"
"docs\products\idp\index.html","/empowernow_info/https://empowerid.github.io/empowernow_docs/docs/services/pdp/","top-level-missing"
"docs\products\idp\index.html","/empowernow_info/company/","top-level-missing"
"docs\products\idp\index.html","/empowernow_info/contact/","top-level-missing"
"docs\products\idp\index.html","/empowernow_info/demo/","top-level-missing"
"docs\products\index.html","/empowernow_info/demo/","top-level-missing"
"docs\products\index.html","/empowernow_info/company/","top-level-missing"
"docs\products\index.html","/empowernow_info/contact/","top-level-missing"
"docs\products\index.html","/empowernow_info/demo/","top-level-missing"
"docs\products\membership\index.html","/empowernow_info/demo/","top-level-missing"
"docs\products\membership\index.html","/demo/","top-level-missing"
"docs\products\membership\index.html","/demo/","top-level-missing"
"docs\products\membership\index.html","/empowernow_info/demo/","top-level-missing"
"docs\products\membership\index.html","/empowernow_info/contact/","top-level-missing"
"docs\products\membership\index.html","/empowernow_info/https://empowerid.github.io/empowernow_docs/docs/services/pdp/","top-level-missing"
"docs\products\membership\index.html","/empowernow_info/company/","top-level-missing"
"docs\products\membership\index.html","/empowernow_info/contact/","top-level-missing"
"docs\products\membership\index.html","/empowernow_info/demo/","top-level-missing"
"docs\products\orchestration\index.html","/empowernow_info/demo/","top-level-missing"
"docs\products\orchestration\index.html","/demo/","top-level-missing"
"docs\products\orchestration\index.html","/demo/","top-level-missing"
"docs\products\orchestration\index.html","/empowernow_info/demo/","top-level-missing"
"docs\products\orchestration\index.html","/empowernow_info/contact/","top-level-missing"
"docs\products\orchestration\index.html","/empowernow_info/company/","top-level-missing"
"docs\products\orchestration\index.html","/empowernow_info/contact/","top-level-missing"
"docs\products\orchestration\index.html","/empowernow_info/demo/","top-level-missing"
"docs\products\pdp\index.html","/empowernow_info/demo/","top-level-missing"
"docs\products\pdp\index.html","/demo/","top-level-missing"
"docs\products\pdp\index.html","/demo/","top-level-missing"
"docs\products\pdp\index.html","/empowernow_info/demo/","top-level-missing"
"docs\products\pdp\index.html","/empowernow_info/contact/","top-level-missing"
"docs\products\pdp\index.html","/empowernow_info/https://empowerid.github.io/empowernow_docs/docs/services/pdp/","top-level-missing"
"docs\products\pdp\index.html","/empowernow_info/company/","top-level-missing"
"docs\products\pdp\index.html","/empowernow_info/contact/","top-level-missing"
"docs\products\pdp\index.html","/empowernow_info/demo/","top-level-missing"
"docs\products\receipts\index.html","/empowernow_info/demo/","top-level-missing"
"docs\products\receipts\index.html","/demo/","top-level-missing"
"docs\products\receipts\index.html","/demo/","top-level-missing"
"docs\products\receipts\index.html","/empowernow_info/demo/","top-level-missing"
"docs\products\receipts\index.html","/empowernow_info/contact/","top-level-missing"
"docs\products\receipts\index.html","/empowernow_info/https://empowerid.github.io/empowernow_docs/docs/services/pdp/","top-level-missing"
"docs\products\receipts\index.html","/empowernow_info/company/","top-level-missing"
"docs\products\receipts\index.html","/empowernow_info/contact/","top-level-missing"
"docs\products\receipts\index.html","/empowernow_info/demo/","top-level-missing"
"docs\products\registry\index.html","/empowernow_info/demo/","top-level-missing"
"docs\products\registry\index.html","/demo/","top-level-missing"
"docs\products\registry\index.html","/demo/","top-level-missing"
"docs\products\registry\index.html","/empowernow_info/demo/","top-level-missing"
"docs\products\registry\index.html","/empowernow_info/contact/","top-level-missing"
"docs\products\registry\index.html","/empowernow_info/company/","top-level-missing"
"docs\products\registry\index.html","/empowernow_info/contact/","top-level-missing"
"docs\products\registry\index.html","/empowernow_info/demo/","top-level-missing"
"docs\resources\case-studies\index.html","/empowernow_info/demo/","top-level-missing"
"docs\resources\case-studies\index.html","/empowernow_info/contact/","top-level-missing"
"docs\resources\case-studies\index.html","/empowernow_info/demo/","top-level-missing"
"docs\resources\case-studies\index.html","/empowernow_info/company/","top-level-missing"
"docs\resources\case-studies\index.html","/empowernow_info/contact/","top-level-missing"
"docs\resources\case-studies\index.html","/empowernow_info/demo/","top-level-missing"
"docs\resources\index.html","/empowernow_info/demo/","top-level-missing"
"docs\resources\index.html","/empowernow_info/company/","top-level-missing"
"docs\resources\index.html","/empowernow_info/contact/","top-level-missing"
"docs\resources\index.html","/empowernow_info/demo/","top-level-missing"
"docs\resources\proof-roi\index.html","/empowernow_info/demo/","top-level-missing"
"docs\resources\proof-roi\index.html","/empowernow_info/resources/demo/","subpath-missing"
"docs\resources\proof-roi\index.html","/empowernow_info/demo/","top-level-missing"
"docs\resources\proof-roi\index.html","/empowernow_info/company/","top-level-missing"
"docs\resources\proof-roi\index.html","/empowernow_info/contact/","top-level-missing"
"docs\resources\proof-roi\index.html","/empowernow_info/demo/","top-level-missing"
"docs\resources\research\index.html","/empowernow_info/demo/","top-level-missing"
"docs\resources\research\index.html","/empowernow_info/company/","top-level-missing"
"docs\resources\research\index.html","/empowernow_info/contact/","top-level-missing"
"docs\resources\research\index.html","/empowernow_info/demo/","top-level-missing"
"docs\resources\standards\caep\index.html","/empowernow_info/demo/","top-level-missing"
"docs\resources\standards\caep\index.html","/empowernow_info/company/","top-level-missing"
"docs\resources\standards\caep\index.html","/empowernow_info/contact/","top-level-missing"
"docs\resources\standards\caep\index.html","/empowernow_info/demo/","top-level-missing"
"docs\resources\standards\ciba\index.html","/empowernow_info/demo/","top-level-missing"
"docs\resources\standards\ciba\index.html","/empowernow_info/company/","top-level-missing"
"docs\resources\standards\ciba\index.html","/empowernow_info/contact/","top-level-missing"
"docs\resources\standards\ciba\index.html","/empowernow_info/demo/","top-level-missing"
"docs\resources\standards\fapi-2-0\index.html","/empowernow_info/demo/","top-level-missing"
"docs\resources\standards\fapi-2-0\index.html","/empowernow_info/company/","top-level-missing"
"docs\resources\standards\fapi-2-0\index.html","/empowernow_info/contact/","top-level-missing"
"docs\resources\standards\fapi-2-0\index.html","/empowernow_info/demo/","top-level-missing"
"docs\resources\standards\index.html","/empowernow_info/demo/","top-level-missing"
"docs\resources\standards\index.html","/empowernow_info/company/","top-level-missing"
"docs\resources\standards\index.html","/empowernow_info/contact/","top-level-missing"
"docs\resources\standards\index.html","/empowernow_info/demo/","top-level-missing"
"docs\resources\standards\jarm\index.html","/empowernow_info/demo/","top-level-missing"
"docs\resources\standards\jarm\index.html","/empowernow_info/company/","top-level-missing"
"docs\resources\standards\jarm\index.html","/empowernow_info/contact/","top-level-missing"
"docs\resources\standards\jarm\index.html","/empowernow_info/demo/","top-level-missing"
"docs\resources\standards\mcp\index.html","/empowernow_info/demo/","top-level-missing"
"docs\resources\standards\mcp\index.html","/empowernow_info/company/","top-level-missing"
"docs\resources\standards\mcp\index.html","/empowernow_info/contact/","top-level-missing"
"docs\resources\standards\mcp\index.html","/empowernow_info/demo/","top-level-missing"
"docs\resources\standards\oauth\index.html","/empowernow_info/demo/","top-level-missing"
"docs\resources\standards\oauth\index.html","/empowernow_info/company/","top-level-missing"
"docs\resources\standards\oauth\index.html","/empowernow_info/contact/","top-level-missing"
"docs\resources\standards\oauth\index.html","/empowernow_info/demo/","top-level-missing"
"docs\resources\standards\oidc\index.html","/empowernow_info/demo/","top-level-missing"
"docs\resources\standards\oidc\index.html","/empowernow_info/company/","top-level-missing"
"docs\resources\standards\oidc\index.html","/empowernow_info/contact/","top-level-missing"
"docs\resources\standards\oidc\index.html","/empowernow_info/demo/","top-level-missing"
"docs\resources\standards\par\index.html","/empowernow_info/demo/","top-level-missing"
"docs\resources\standards\par\index.html","/empowernow_info/company/","top-level-missing"
"docs\resources\standards\par\index.html","/empowernow_info/contact/","top-level-missing"
"docs\resources\standards\par\index.html","/empowernow_info/demo/","top-level-missing"
"docs\resources\standards\pkce\index.html","/empowernow_info/demo/","top-level-missing"
"docs\resources\standards\pkce\index.html","/empowernow_info/company/","top-level-missing"
"docs\resources\standards\pkce\index.html","/empowernow_info/contact/","top-level-missing"
"docs\resources\standards\pkce\index.html","/empowernow_info/demo/","top-level-missing"
"docs\resources\standards\rar\index.html","/empowernow_info/demo/","top-level-missing"
"docs\resources\standards\rar\index.html","/empowernow_info/company/","top-level-missing"
"docs\resources\standards\rar\index.html","/empowernow_info/contact/","top-level-missing"
"docs\resources\standards\rar\index.html","/empowernow_info/demo/","top-level-missing"
"docs\resources\standards\scim\index.html","/empowernow_info/demo/","top-level-missing"
"docs\resources\standards\scim\index.html","/empowernow_info/company/","top-level-missing"
"docs\resources\standards\scim\index.html","/empowernow_info/contact/","top-level-missing"
"docs\resources\standards\scim\index.html","/empowernow_info/demo/","top-level-missing"
"docs\search\index.html","/empowernow_info/demo/","top-level-missing"
"docs\search\index.html","/empowernow_info/company/","top-level-missing"
"docs\search\index.html","/empowernow_info/contact/","top-level-missing"
"docs\search\index.html","/empowernow_info/demo/","top-level-missing"
"docs\solutions\agent-safe-tools\index.html","/empowernow_info/demo/","top-level-missing"
"docs\solutions\agent-safe-tools\index.html","/resources/demo/","subpath-missing"
"docs\solutions\agent-safe-tools\index.html","/empowernow_info/https://empowerid.github.io/empowernow_docs/docs/services/pdp/","top-level-missing"
"docs\solutions\agent-safe-tools\index.html","/empowernow_info/company/","top-level-missing"
"docs\solutions\agent-safe-tools\index.html","/empowernow_info/contact/","top-level-missing"
"docs\solutions\agent-safe-tools\index.html","/empowernow_info/demo/","top-level-missing"
"docs\solutions\delegated-authorization\index.html","/empowernow_info/demo/","top-level-missing"
"docs\solutions\delegated-authorization\index.html","/resources/demo/","subpath-missing"
"docs\solutions\delegated-authorization\index.html","/empowernow_info/https://empowerid.github.io/empowernow_docs/docs/services/pdp/","top-level-missing"
"docs\solutions\delegated-authorization\index.html","/empowernow_info/company/","top-level-missing"
"docs\solutions\delegated-authorization\index.html","/empowernow_info/contact/","top-level-missing"
"docs\solutions\delegated-authorization\index.html","/empowernow_info/demo/","top-level-missing"
"docs\solutions\hybrid-connectivity\index.html","/empowernow_info/demo/","top-level-missing"
"docs\solutions\hybrid-connectivity\index.html","/empowernow_info/https://empowerid.github.io/empowernow_docs/docs/services/pdp/","top-level-missing"
"docs\solutions\hybrid-connectivity\index.html","/empowernow_info/company/","top-level-missing"
"docs\solutions\hybrid-connectivity\index.html","/empowernow_info/contact/","top-level-missing"
"docs\solutions\hybrid-connectivity\index.html","/empowernow_info/demo/","top-level-missing"
"docs\solutions\index.html","/empowernow_info/demo/","top-level-missing"
"docs\solutions\index.html","/empowernow_info/company/","top-level-missing"
"docs\solutions\index.html","/empowernow_info/contact/","top-level-missing"
"docs\solutions\index.html","/empowernow_info/demo/","top-level-missing"
"docs\solutions\spend-governance\index.html","/empowernow_info/demo/","top-level-missing"
"docs\solutions\spend-governance\index.html","/empowernow_info/https://empowerid.github.io/empowernow_docs/docs/services/bff/explanation/overview/","top-level-missing"
"docs\solutions\spend-governance\index.html","/empowernow_info/https://empowerid.github.io/empowernow_docs/docs/services/pdp/","top-level-missing"
"docs\solutions\spend-governance\index.html","/empowernow_info/company/","top-level-missing"
"docs\solutions\spend-governance\index.html","/empowernow_info/contact/","top-level-missing"
"docs\solutions\spend-governance\index.html","/empowernow_info/demo/","top-level-missing"
"docs\solutions\zero-token-spas\index.html","/empowernow_info/demo/","top-level-missing"
"docs\solutions\zero-token-spas\index.html","/resources/demo/","subpath-missing"
"docs\solutions\zero-token-spas\index.html","/deep-dives/","top-level-missing"
"docs\solutions\zero-token-spas\index.html","/empowernow_info/https://empowerid.github.io/empowernow_docs/docs/services/bff/explanation/overview/","top-level-missing"
"docs\solutions\zero-token-spas\index.html","/empowernow_info/https://empowerid.github.io/empowernow_docs/docs/services/pdp/","top-level-missing"
"docs\solutions\zero-token-spas\index.html","/empowernow_info/company/","top-level-missing"
"docs\solutions\zero-token-spas\index.html","/empowernow_info/contact/","top-level-missing"
"docs\solutions\zero-token-spas\index.html","/empowernow_info/demo/","top-level-missing"
"docs\trust\compliance\index.html","/empowernow_info/demo/","top-level-missing"
"docs\trust\compliance\index.html","/empowernow_info/company/","top-level-missing"
"docs\trust\compliance\index.html","/empowernow_info/contact/","top-level-missing"
"docs\trust\compliance\index.html","/empowernow_info/demo/","top-level-missing"
"docs\trust\index.html","/empowernow_info/demo/","top-level-missing"
"docs\trust\index.html","/empowernow_info/company/","top-level-missing"
"docs\trust\index.html","/empowernow_info/contact/","top-level-missing"
"docs\trust\index.html","/empowernow_info/demo/","top-level-missing"
"docs\trust\privacy\index.html","/empowernow_info/demo/","top-level-missing"
"docs\trust\privacy\index.html","/empowernow_info/company/","top-level-missing"
"docs\trust\privacy\index.html","/empowernow_info/contact/","top-level-missing"
"docs\trust\privacy\index.html","/empowernow_info/demo/","top-level-missing"
"docs\trust\security\index.html","/empowernow_info/demo/","top-level-missing"
"docs\trust\security\index.html","/empowernow_info/company/","top-level-missing"
"docs\trust\security\index.html","/empowernow_info/contact/","top-level-missing"
"docs\trust\security\index.html","/empowernow_info/demo/","top-level-missing"